2018-03-09.10-10-00.10-15-00.school.G300_5681_person_exits_vehicle_6.mp4,person_exits_vehicle,talking,,,
2018-03-09.10-10-00.10-15-00.school.G300_7846_vehicle_starting_2.mp4,vehicle_starting,,,,short clip
2018-03-09.10-10-00.10-15-00.school.G300_224_vehicle_starting_2.mp4,vehicle_starting,talking,00:00:00.000,00:00:02.120,
2018-03-09.10-10-00.10-15-00.school.G300_5702_vehicle_stopping_3.mp4,vehicle_stopping,talking,,,
2018-03-09.10-10-00.10-15-00.school.G300_2767_vehicle_stopping_3.mp4,vehicle_stopping,vehicle_stopping,00:00:00.000,00:00:02.000,
2018-03-09.10-10-00.10-15-00.school.G300_2946_person_exits_vehicle_6.mp4,person_exits_vehicle,person_exits_vehicle,00:00:00.000,00:00:01.500,
2018-03-09.10-10-00.10-15-00.school.G424_1025_vehicle_turning_right_11.mp4,vehicle_turning_right,vehicle_turning_right,00:00:00.000,00:00:09.000,
2018-03-09.10-10-00.10-15-00.school.G424_4587_vehicle_turning_right_11.mp4,vehicle_turning_right,talking,,,
2018-03-09.10-10-00.10-15-00.school.G424_480_vehicle_reversing_3.mp4,vehicle_reversing,vehicle_starting-vehicle_reversing,00:00:00.000,00:00:08.300,
2018-03-09.10-10-00.10-15-00.school.G424_2300_vehicle_reversing_3.mp4,vehicle_reversing,person_standing_up,,,
2018-03-09.10-10-00.10-15-00.school.G424_493_vehicle_starting_36.mp4,vehicle_starting,vehicle_starting,00:00:00.000,00:00:00.970,
2018-03-09.10-10-00.10-15-00.school.G424_4741_vehicle_starting_36.mp4,vehicle_starting,talking,,,
2018-03-12.10-15-00.10-20-00.hospital.G436_4434_vehicle_u_turn_7.mp4,vehicle_u_turn,,,,revisit
2018-03-13.15-50-00.15-55-00.school.G638_488_Transport_HeavyCarry_0.mp4,transport_heavycarry,transport_heavycarry,00:00:08.500,00:00:09.160,
2018-03-13.15-50-00.15-55-00.school.G638_581_Transport_HeavyCarry_1.mp4,transport_heavycarry,transport_heavycarry,00:00:09.400,00:00:10.130,
2018-03-07.16-50-01.16-55-01.hospital.G436_3334_vehicle_turning_left_16.mp4,vehicle_turning_left,person_sitting_down,00:00:00.000,00:00:08.000,
2018-03-07.16-50-01.16-55-01.hospital.G436_874_vehicle_turning_left_16.mp4,vehicle_turning_left,,,,revisit
2018-03-07.16-50-01.16-55-01.hospital.G436_1009_vehicle_turning_left_15.mp4,vehicle_turning_left,vehicle_turning_left,00:00:00.000,00:00:05.800,
2018-03-07.16-50-01.16-55-01.hospital.G436_3852_vehicle_stopping_10.mp4,vehicle_stopping,object_transfer,,,
2018-03-07.16-50-01.16-55-01.hospital.G436_1426_vehicle_stopping_10.mp4,vehicle_stopping,vehicle_reversing-vehicle_stopping,00:00:00.000,00:00:17.000,
2018-03-07.16-50-01.16-55-01.hospital.G436_3173_vehicle_turning_left_15.mp4,vehicle_turning_left,person_picks_up_object,,,
2018-03-07.17-30-06.17-35-06.school.G339_4328_person_closes_vehicle_door_16.mp4,person_closes_vehicle_door,talking,00:00:00.000,00:00:21.000,
2018-03-07.17-30-06.17-35-06.school.G339_2354_person_enters_vehicle_9.mp4,person_enters_vehicle,transport_heavycarry,00:00:00.000,00:01:02.000,
2018-03-07.17-30-06.17-35-06.school.G339_6556_person_closes_vehicle_door_16.mp4,person_closes_vehicle_door,person_opens_vehicle_door-person_enters_vehicle,,,
2018-03-07.17-30-06.17-35-06.school.G339_742_person_enters_vehicle_7.mp4,person_enters_vehicle,transport_heavycarry,00:00:00.000,00:00:37.260,
2018-03-07.17-30-06.17-35-06.school.G339_7435_person_exits_through_structure_19.mp4,person_exits_through_structure,,,,short clip
2018-03-07.17-30-06.17-35-06.school.G339_2135_person_enters_vehicle_4.mp4,person_enters_vehicle,person_enters_vehicle,00:00:00.000,00:00:03.280,
2018-03-07.17-30-06.17-35-06.school.G339_6460_person_enters_through_structure_21.mp4,person_enters_through_structure,person_opens_facility_door-person_enters_through_structure,00:00:00.000,00:00:03.200,
2018-03-07.17-30-06.17-35-06.school.G339_8771_person_exits_through_structure_19.mp4,person_exits_through_structure,talking,,,
2018-03-07.17-30-06.17-35-06.school.G339_7881_person_exits_through_structure_19.mp4,person_exits_through_structure,,,,short clip
2018-03-07.17-30-06.17-35-06.school.G339_8071_person_enters_vehicle_7.mp4,person_enters_vehicle,person_enters_vehicle,,,
2018-03-07.17-30-06.17-35-06.school.G339_6990_person_exits_through_structure_19.mp4,person_exits_through_structure,,,,short clip
2018-03-07.17-30-06.17-35-06.school.G339_6545_person_exits_through_structure_19.mp4,person_exits_through_structure,,,,short clip
2018-03-07.17-30-06.17-35-06.school.G339_774_vehicle_drops_off_person_2.mp4,vehicle_drops_off_person,person_enters_vehicle,00:04:01.000,00:04:12.000,
2018-03-07.17-30-06.17-35-06.school.G339_7307_person_enters_through_structure_21.mp4,person_enters_through_structure,transport_heavycarry,00:00:00.000,00:00:07.130,
2018-03-07.17-30-06.17-35-06.school.G339_413_person_enters_vehicle_9.mp4,person_enters_vehicle,person_enters_vehicle,00:00:00.000,00:00:06.230,
2018-03-07.17-30-06.17-35-06.school.G339_3872_person_exits_through_structure_19.mp4,person_exits_through_structure,person_opens_facility_door-person_exits_through_structure,00:00:00.000,00:00:06.600,
2018-03-07.17-30-06.17-35-06.school.G339_3815_person_enters_vehicle_4.mp4,person_enters_vehicle,person_sets_down_object,,,
2018-03-07.17-30-06.17-35-06.school.G339_8326_person_exits_through_structure_19.mp4,person_exits_through_structure,,,,short clip
2018-03-09.10-20-00.10-25-00.school.G419_178_person_enters_through_structure_12.mp4,person_enters_through_structure,,,,revisit
2018-03-07.17-20-00.17-25-00.school.G638_1878_person_exits_through_structure_13.mp4,person_exits_through_structure,,,,revisit
2018-03-07.17-20-00.17-25-00.school.G638_2196_person_exits_through_structure_12.mp4,person_exits_through_structure,,,,short clip
2018-03-07.17-20-00.17-25-00.school.G638_7756_person_exits_through_structure_1.mp4,person_exits_through_structure,specialized_texting_phone,,,
2018-03-07.17-20-00.17-25-00.school.G638_1871_person_exits_through_structure_12.mp4,person_exits_through_structure,,,,short clip
2018-03-07.17-20-00.17-25-00.school.G638_3147_person_exits_through_structure_1.mp4,person_exits_through_structure,,,,revisit
2018-03-07.17-20-00.17-25-00.school.G638_5768_person_exits_through_structure_13.mp4,person_exits_through_structure,person_sets_down_object,,,
2018-03-07.17-20-06.17-25-03.school.G300_7076_person_exits_through_structure_1.mp4,person_exits_through_structure,,00:00:00.000,00:00:41.000,revisit
2018-03-07.17-20-06.17-25-03.school.G300_95_person_exits_through_structure_1.mp4,person_exits_through_structure,person_exits_through_structure,00:00:00.000,00:00:00.630,
2018-03-15.15-45-07.15-50-07.hospital.G436_5697_Transport_HeavyCarry_2.mp4,transport_heavycarry,transport_heavycarry,00:00:56.600,00:00:57.700,
2018-03-07.17-05-00.17-10-00.school.G336_1405_vehicle_turning_left_0.mp4,vehicle_turning_left,vehicle_turning_left,00:00:00.000,00:00:10.920,
2018-03-07.17-05-00.17-10-00.school.G336_5881_vehicle_turning_left_0.mp4,vehicle_turning_left,talking,,,
2018-03-07.17-35-01.17-40-01.hospital.G436_8257_vehicle_u_turn_1.mp4,vehicle_u_turn,person_picks_up_object,,,
2018-03-07.17-35-01.17-40-01.hospital.G436_1865_vehicle_u_turn_1.mp4,vehicle_u_turn,vehicle_u_turn,00:00:00.000,00:00:19.110,
2018-03-07.17-35-06.17-40-06.school.G339_4343_person_exits_through_structure_44.mp4,person_exits_through_structure,person_opens_facility_door,00:00:00.000,00:00:01.400,
2018-03-07.17-35-06.17-40-06.school.G339_8550_vehicle_starting_3.mp4,vehicle_starting,,,,revisit
2018-03-07.17-35-06.17-40-06.school.G339_8101_person_opens_vehicle_door_51.mp4,person_opens_vehicle_door,person_picks_up_object,,,
2018-03-07.17-35-06.17-40-06.school.G339_3721_person_opens_vehicle_door_51.mp4,person_opens_vehicle_door,,,,short clip
2018-03-07.17-35-06.17-40-06.school.G339_335_person_enters_vehicle_33.mp4,person_enters_vehicle,person_enters_vehicle,00:00:00.000,00:00:00.700,
2018-03-07.17-35-06.17-40-06.school.G339_8118_vehicle_starting_7.mp4,vehicle_starting,,,,revisit
2018-03-07.17-35-06.17-40-06.school.G339_8179_person_enters_vehicle_33.mp4,person_enters_vehicle,person_sets_down_object,,,
2018-03-07.17-35-06.17-40-06.school.G339_8184_person_exits_through_structure_44.mp4,person_exits_through_structure,person_picks_up_object,,,
2018-03-07.17-35-06.17-40-06.school.G339_5496_vehicle_starting_7.mp4,vehicle_starting,vehicle_starting,00:00:00.000,00:00:03.600,
2018-03-07.17-35-06.17-40-06.school.G339_4086_vehicle_starting_3.mp4,vehicle_starting,vehicle_turning_left,00:00:00.000,00:00:03.800,
2018-03-09.10-10-01.10-15-01.admin.G329_2970_person_opens_facility_door_8.mp4,person_opens_facility_door,talking,00:00:00.000,00:00:34.000,
2018-03-09.10-10-01.10-15-01.admin.G329_7930_person_opens_facility_door_8.mp4,person_opens_facility_door,person_opens_facility_door,,,
2018-03-09.10-10-01.10-15-01.admin.G329_696_person_enters_through_structure_20.mp4,person_enters_through_structure,person_exits_through_structure,00:00:00.000,00:00:02.160,
2018-03-09.10-10-01.10-15-01.admin.G329_2849_person_enters_through_structure_20.mp4,person_enters_through_structure,talking,,,
2018-03-07.17-30-01.17-35-01.hospital.G436_877_vehicle_starting_21.mp4,vehicle_starting,vehicle_starting,00:00:00.000,00:00:06.350,
2018-03-07.17-30-01.17-35-01.hospital.G436_6049_vehicle_drops_off_person_8.mp4,vehicle_drops_off_person,person_exits_vehicle,,,
2018-03-07.17-30-01.17-35-01.hospital.G436_990_vehicle_picks_up_person_1.mp4,vehicle_picks_up_person,transport_heavycarry,00:00:00.000,00:00:19.190,
2018-03-07.17-30-01.17-35-01.hospital.G436_4999_person_closes_vehicle_door_10.mp4,person_closes_vehicle_door,person_exits_vehicle,00:00:32.000,00:00:55.000,
2018-03-07.17-30-01.17-35-01.hospital.G436_3034_vehicle_starting_21.mp4,vehicle_starting,talking,00:00:00.000,00:00:21.530,
2018-03-07.17-30-01.17-35-01.hospital.G436_4098_vehicle_drops_off_person_8.mp4,vehicle_drops_off_person,transport_heavycarry,00:00:00.000,00:00:04.260,
2018-03-07.17-30-01.17-35-01.hospital.G436_4471_vehicle_picks_up_person_1.mp4,vehicle_picks_up_person,person_enters_vehicle,00:00:00.000,00:00:06.800,
2018-03-07.17-00-00.17-05-00.bus.G506_0_person_opens_facility_door_34.mp4,person_opens_facility_door,specialized_talking_phone,00:00:00.000,00:00:07.000,
2018-03-07.17-00-00.17-05-00.bus.G506_1086_person_opens_facility_door_34.mp4,person_opens_facility_door,person_opens_facility_door,00:00:00.000,00:00:02.620,
2018-03-07.17-00-00.17-05-00.bus.G506_1293_person_exits_through_structure_2.mp4,person_exits_through_structure,person_opens_facility_door-person_exits_through_structure,00:00:00.000,00:00:02.590,
2018-03-07.17-00-00.17-05-00.bus.G506_5519_person_exits_through_structure_2.mp4,person_exits_through_structure,,,,revisit
2018-03-07.17-00-00.17-05-00.bus.G506_2556_person_enters_through_structure_15.mp4,person_enters_through_structure,specialized_talking_phone,,,
2018-03-07.17-00-00.17-05-00.bus.G506_1730_person_exits_through_structure_1.mp4,person_exits_through_structure,,,,revisit
2018-03-07.17-00-00.17-05-00.bus.G506_243_person_enters_through_structure_15.mp4,person_enters_through_structure,person_opens_facility_door-person_exits_through_structure,00:00:00.000,00:00:03.700,
2018-03-07.17-00-00.17-05-00.bus.G506_347_person_exits_through_structure_1.mp4,person_exits_through_structure,person_exits_through_structure,00:00:00.000,00:00:04.920,
2018-03-09.10-15-01.10-20-01.school.G638_1277_person_enters_through_structure_46.mp4,person_enters_through_structure,person_enters_through_structure,00:00:00.000,00:00:01.420,
2018-03-09.10-15-01.10-20-01.school.G638_7559_person_exits_through_structure_16.mp4,person_exits_through_structure,,,,revisit
2018-03-09.10-15-01.10-20-01.school.G638_4015_person_exits_through_structure_12.mp4,person_exits_through_structure,hand_interaction,,,
2018-03-09.10-15-01.10-20-01.school.G638_2820_person_opens_facility_door_4.mp4,person_opens_facility_door,person_opens_facility_door,,,
2018-03-09.10-15-01.10-20-01.school.G638_3519_person_enters_through_structure_46.mp4,person_enters_through_structure,,,,revisit
2018-03-09.10-15-01.10-20-01.school.G638_950_person_exits_through_structure_16.mp4,person_exits_through_structure,person_enters_through_structure,00:00:00.000,00:00:05.800,
2018-03-09.10-15-01.10-20-01.school.G638_2545_person_closes_facility_door_9.mp4,person_closes_facility_door,person_opens_facility_door-person_exits_through_structure,00:00:09.600,00:00:15.660,
2018-03-09.10-15-01.10-20-01.school.G638_270_person_exits_through_structure_12.mp4,person_exits_through_structure,person_enters_through_structure,00:00:00.000,00:00:04.290,
2018-03-09.10-15-01.10-20-01.school.G638_143_person_opens_facility_door_4.mp4,person_opens_facility_door,person_opens_facility_door-person_enters_through_structure,00:00:07.500,00:00:11.390,
2018-03-09.10-15-01.10-20-01.school.G638_926_person_enters_through_structure_34.mp4,person_enters_through_structure,person_enters_through_structure-person_opens_facility_door,00:00:07.400,00:00:17.000,
2018-03-09.10-15-01.10-20-01.school.G638_620_person_closes_facility_door_9.mp4,person_closes_facility_door,person_exits_through_structure,00:00:00.000,00:00:02.000,
2018-03-09.10-15-01.10-20-01.school.G638_260_person_enters_through_structure_34.mp4,person_enters_through_structure,specialized_talking_phone,00:00:00.000,00:00:05.000,
2018-03-07.17-05-00.17-10-00.bus.G506_6638_vehicle_u_turn_9.mp4,vehicle_u_turn,talking,,,
2018-03-07.17-05-00.17-10-00.bus.G506_2847_vehicle_starting_12.mp4,vehicle_starting,vehicle_reversing-vehicle_starting,00:00:00.000,00:00:06.300,
2018-03-07.17-05-00.17-10-00.bus.G506_7187_vehicle_starting_12.mp4,vehicle_starting,person_sitting_down,,,
2018-03-07.17-05-00.17-10-00.bus.G506_494_vehicle_u_turn_9.mp4,vehicle_u_turn,vehicle_turning_right,00:00:00.000,00:00:21.000,
2018-03-09.10-10-00.10-15-00.bus.G506_8130_vehicle_starting_9.mp4,vehicle_starting,vehicle_turning_right,00:00:00.120,00:00:04.200,
2018-03-09.10-10-00.10-15-00.bus.G506_1197_vehicle_turning_left_0.mp4,vehicle_turning_left,person_sitting_down,00:00:00.000,00:00:01.980,
2018-03-09.10-10-00.10-15-00.bus.G506_2818_vehicle_starting_9.mp4,vehicle_starting,person_standing_up,00:00:00.000,00:00:03.450,
2018-03-09.10-10-00.10-15-00.bus.G506_2098_vehicle_turning_left_0.mp4,vehicle_turning_left,vehicle_turning_left,,,
2018-03-07.17-35-00.17-40-00.bus.G506_2709_person_opens_facility_door_7.mp4,person_opens_facility_door,person_sitting_down,00:00:00.000,00:00:02.900,
2018-03-07.17-35-00.17-40-00.bus.G506_3801_person_enters_vehicle_2.mp4,person_enters_vehicle,person_enters_vehicle,,,
2018-03-07.17-35-00.17-40-00.bus.G506_0_person_enters_vehicle_2.mp4,person_enters_vehicle,specialized_texting_phone,00:00:00.000,00:00:11.500,
2018-03-07.17-35-00.17-40-00.bus.G506_3345_person_opens_facility_door_7.mp4,person_opens_facility_door,person_opens_facility_door,,,
2018-03-12.10-55-00.11-00-00.bus.G340_3799_vehicle_reversing_3.mp4,vehicle_reversing,vehicle_reversing,00:00:02.700,00:00:16.300,
2018-03-09.10-20-00.10-25-00.school.G330_977_person_exits_through_structure_57.mp4,person_exits_through_structure,,,,short clip
2018-03-09.10-20-00.10-25-00.school.G330_1004_person_exits_through_structure_9.mp4,person_exits_through_structure,hand_interaction,00:00:00.000,00:00:03.000,
2018-03-09.10-20-00.10-25-00.school.G330_680_person_enters_through_structure_58.mp4,person_enters_through_structure,person_exits_through_structure,00:00:00.000,00:00:00.960,
2018-03-09.10-20-00.10-25-00.school.G330_7982_person_enters_through_structure_64.mp4,person_enters_through_structure,person_enters_through_structure,,,
2018-03-09.10-20-00.10-25-00.school.G330_2835_person_exits_through_structure_57.mp4,person_exits_through_structure,person_opens_facility_door,00:00:01.920,00:00:03.060,
2018-03-09.10-20-00.10-25-00.school.G330_6490_person_exits_through_structure_9.mp4,person_exits_through_structure,person_exits_through_structure,,,
2018-03-09.10-20-00.10-25-00.school.G330_1569_person_enters_through_structure_64.mp4,person_enters_through_structure,person_sitting_down,00:00:00.000,00:00:02.810,
2018-03-09.10-20-00.10-25-00.school.G330_780_person_enters_through_structure_1.mp4,person_enters_through_structure,person_enters_through_structure,00:00:00.000,00:00:03.000,
2018-03-09.10-20-00.10-25-00.school.G330_641_person_opens_facility_door_51.mp4,person_opens_facility_door,person_opens_facility_door,00:00:00.000,00:00:01.800,
2018-03-09.10-20-00.10-25-00.school.G330_224_person_enters_through_structure_1.mp4,person_enters_through_structure,person_sets_down_object,00:00:00.000,00:00:02.000,
2018-03-09.10-20-00.10-25-00.school.G330_1199_person_enters_through_structure_58.mp4,person_enters_through_structure,person_sets_down_object,,,
2018-03-07.17-00-06.17-05-00.school.G336_1967_vehicle_turning_right_7.mp4,vehicle_turning_right,,,,revisit
2018-03-07.17-00-06.17-05-00.school.G336_2965_vehicle_turning_left_0.mp4,vehicle_turning_left,vehicle_turning_left,,,
2018-03-07.17-00-06.17-05-00.school.G336_2326_vehicle_starting_14.mp4,vehicle_starting,vehicle_starting,00:00:00.000,00:00:02.460,
2018-03-07.17-00-06.17-05-00.school.G336_3105_vehicle_starting_14.mp4,vehicle_starting,specialized_texting_phone,,,
2018-03-07.17-00-06.17-05-00.school.G336_1956_vehicle_turning_left_0.mp4,vehicle_turning_left,,,,revisit
2018-03-07.17-00-06.17-05-00.school.G336_1540_vehicle_turning_right_7.mp4,vehicle_turning_right,,,,revisit
2018-03-07.17-00-06.17-05-00.school.G336_1735_vehicle_turning_right_3.mp4,vehicle_turning_right,talking,00:00:00.000,00:00:29.000,
2018-03-07.17-00-06.17-05-00.school.G336_4069_vehicle_turning_right_3.mp4,vehicle_turning_right,vehicle_turning_right,,,
2018-03-09.10-15-00.10-20-00.school.G419_8213_person_enters_through_structure_10.mp4,person_enters_through_structure,talking,,,
2018-03-09.10-15-00.10-20-00.school.G419_3559_person_enters_through_structure_10.mp4,person_enters_through_structure,person_enters_through_structure,,,
2018-03-09.10-15-00.10-20-00.school.G419_8222_person_opens_facility_door_24.mp4,person_opens_facility_door,,,,revisit
2018-03-09.10-15-00.10-20-00.school.G419_3864_person_enters_through_structure_18.mp4,person_enters_through_structure,person_enters_through_structure,00:00:00.000,00:00:03.070,
2018-03-09.10-15-00.10-20-00.school.G419_2951_person_opens_facility_door_24.mp4,person_opens_facility_door,person_opens_facility_door-person_enters_through_structure,00:00:00.000,00:00:00.500,
2018-03-09.10-15-00.10-20-00.school.G419_1207_person_enters_through_structure_18.mp4,person_enters_through_structure,,,,revisit
2018-03-09.10-15-00.10-20-00.school.G330_3990_person_enters_through_structure_12.mp4,person_enters_through_structure,person_enters_through_structure,,,
2018-03-09.10-15-00.10-20-00.school.G330_2853_person_enters_through_structure_12.mp4,person_enters_through_structure,person_sitting_down,00:00:00.000,00:00:02.810,
2018-03-09.10-15-00.10-20-00.school.G330_1860_person_enters_through_structure_8.mp4,person_enters_through_structure,person_enters_through_structure,00:00:00.000,00:00:02.000,
2018-03-09.10-15-00.10-20-00.school.G330_4401_person_exits_through_structure_37.mp4,person_exits_through_structure,person_enters_through_structure,,,
2018-03-09.10-15-00.10-20-00.school.G330_3707_person_exits_through_structure_40.mp4,person_exits_through_structure,transport_heavycarry,00:00:00.000,00:00:10.000,
2018-03-09.10-15-00.10-20-00.school.G330_20_person_enters_through_structure_0.mp4,person_enters_through_structure,person_enters_through_structure,00:00:00.000,00:00:01.000,
2018-03-09.10-15-00.10-20-00.school.G330_0_person_enters_through_structure_8.mp4,person_enters_through_structure,person_picks_up_object,00:00:00.000,00:00:03.490,
2018-03-09.10-15-00.10-20-00.school.G330_7757_person_exits_through_structure_40.mp4,person_exits_through_structure,,,,revisit
2018-03-09.10-15-00.10-20-00.school.G330_6580_person_exits_through_structure_20.mp4,person_exits_through_structure,person_exits_through_structure,,,
2018-03-09.10-15-00.10-20-00.school.G330_2877_person_exits_through_structure_20.mp4,person_exits_through_structure,object_transfer,00:00:00.000,00:00:02.000,
2018-03-09.10-15-00.10-20-00.school.G330_647_person_exits_through_structure_36.mp4,person_exits_through_structure,person_exits_through_structure,00:00:12.550,00:00:16.470,
2018-03-09.10-15-00.10-20-00.school.G330_1179_person_exits_through_structure_37.mp4,person_exits_through_structure,person_sitting_down,00:00:00.000,00:00:05.140,
2018-03-07.17-25-00.17-30-00.school.G638_5868_person_exits_through_structure_2.mp4,person_exits_through_structure,person_exits_through_structure,,,
2018-03-07.17-25-00.17-30-00.school.G638_804_person_exits_through_structure_1.mp4,person_exits_through_structure,riding,00:00:00.000,00:00:11.700,
2018-03-07.17-25-00.17-30-00.school.G638_492_person_opens_facility_door_5.mp4,person_opens_facility_door,person_opens_facility_door-person_exits_through_structure,00:00:00.000,00:00:02.810,
2018-03-07.17-25-00.17-30-00.school.G638_2887_person_exits_through_structure_2.mp4,person_exits_through_structure,,,,revisit
2018-03-07.17-25-00.17-30-00.school.G638_2555_person_exits_through_structure_1.mp4,person_exits_through_structure,person_opens_facility_door-person_exits_through_structure,00:00:00.000,00:00:05.600,
2018-03-09.10-15-01.10-20-01.school.G420_578_person_opens_facility_door_29.mp4,person_opens_facility_door,person_opens_facility_door,00:00:00.000,00:00:00.500,
2018-03-09.10-15-01.10-20-01.school.G420_1242_person_enters_through_structure_5.mp4,person_enters_through_structure,hand_interaction,00:00:00.000,00:00:01.760,
2018-03-09.10-15-01.10-20-01.school.G420_0_person_opens_facility_door_29.mp4,person_opens_facility_door,talking,00:00:00.000,00:00:04.340,
2018-03-09.10-15-01.10-20-01.school.G420_2173_person_opens_facility_door_30.mp4,person_opens_facility_door,,,,revisit
2018-03-09.10-15-01.10-20-01.school.G420_133_person_opens_facility_door_39.mp4,person_opens_facility_door,,,,revisit
2018-03-09.10-15-01.10-20-01.school.G420_3444_person_opens_facility_door_30.mp4,person_opens_facility_door,person_opens_facility_door-person_enters_through_structure,,,
2018-03-09.10-15-01.10-20-01.school.G420_1004_person_opens_facility_door_39.mp4,person_opens_facility_door,person_opens_facility_door,,,
2018-03-09.10-15-01.10-20-01.school.G420_3430_person_enters_through_structure_5.mp4,person_enters_through_structure,,,,revisit
2018-03-15.15-50-00.15-54-59.school.G421_327_person_purchasing_0.mp4,person_purchasing,person_purchasing,,,
2018-03-07.17-00-06.17-05-06.school.G339_117_person_exits_vehicle_101.mp4,person_exits_vehicle,person_exits_vehicle,00:00:02.500,00:00:09.000,
2018-03-07.17-00-06.17-05-06.school.G339_3298_vehicle_drops_off_person_114.mp4,vehicle_drops_off_person,talking,,,
2018-03-07.17-00-06.17-05-06.school.G339_148_vehicle_drops_off_person_50.mp4,vehicle_drops_off_person,person_exits_vehicle,00:00:00.000,00:00:02.000,
2018-03-07.17-00-06.17-05-06.school.G339_2932_vehicle_drops_off_person_50.mp4,vehicle_drops_off_person,,,,short clip
2018-03-07.17-00-06.17-05-06.school.G339_2831_vehicle_drops_off_person_114.mp4,vehicle_drops_off_person,,,,short clip
2018-03-07.17-00-00.17-05-00.bus.G331_701_person_opens_facility_door_73.mp4,person_opens_facility_door,person_opens_facility_door,,,
2018-03-07.17-00-00.17-05-00.bus.G331_1159_person_enters_through_structure_62.mp4,person_enters_through_structure,person_enters_through_structure,,,distorted
2018-03-07.17-00-00.17-05-00.bus.G331_2481_person_exits_through_structure_59.mp4,person_exits_through_structure,person_standing_up-specialized_texting_phone,00:00:00.000,00:00:01.810,
2018-03-07.17-00-00.17-05-00.bus.G331_6132_person_enters_through_structure_65.mp4,person_enters_through_structure,,,,short clip
2018-03-07.17-00-00.17-05-00.bus.G331_171_person_enters_through_structure_62.mp4,person_enters_through_structure,person_standing_up,00:00:00.000,00:00:06.600,
2018-03-07.17-00-00.17-05-00.bus.G331_609_person_exits_through_structure_55.mp4,person_exits_through_structure,,,,short clip
2018-03-07.17-00-00.17-05-00.bus.G331_112_person_opens_facility_door_73.mp4,person_opens_facility_door,person_standing_up,00:00:00.000,00:00:01.110,
2018-03-07.17-00-00.17-05-00.bus.G331_6957_person_enters_through_structure_65.mp4,person_enters_through_structure,person_sitting_down,,,
2018-03-07.17-00-00.17-05-00.bus.G331_6116_person_enters_through_structure_1.mp4,person_enters_through_structure,person_enters_through_structure,00:00:00.000,00:00:05.850,
2018-03-07.17-00-00.17-05-00.bus.G331_833_person_exits_through_structure_57.mp4,person_exits_through_structure,person_standing_up,00:00:00.000,00:00:02.800,
2018-03-07.17-00-00.17-05-00.bus.G331_632_person_exits_through_structure_53.mp4,person_exits_through_structure,person_reading_document-talking,00:00:00.000,00:00:53.500,
2018-03-07.17-00-00.17-05-00.bus.G331_1930_person_exits_through_structure_57.mp4,person_exits_through_structure,person_opens_facility_door,,,
2018-03-07.17-00-00.17-05-00.bus.G331_1215_person_exits_through_structure_55.mp4,person_exits_through_structure,person_exits_through_structure-transport_heavycarry,,,
2018-03-07.17-00-00.17-05-00.bus.G331_375_person_opens_facility_door_5.mp4,person_opens_facility_door,person_opens_facility_door,00:04:27.500,00:04:33.860,
2018-03-07.17-00-00.17-05-00.bus.G331_40_person_enters_through_structure_1.mp4,person_enters_through_structure,person_standing_up,00:00:00.000,00:00:03.500,
2018-03-07.17-00-00.17-05-00.bus.G331_0_person_exits_through_structure_53.mp4,person_exits_through_structure,talking,00:00:00.000,00:00:06.800,
2018-03-07.17-00-00.17-05-00.bus.G331_4842_person_exits_through_structure_59.mp4,person_exits_through_structure,person_opens_facility_door-person_exits_through_structure,,,
2018-03-07.17-35-01.17-40-01.admin.G326_8408_person_enters_through_structure_19.mp4,person_enters_through_structure,person_enters_through_structure,,,
2018-03-15.15-40-00.15-45-00.school.G421_5655_Transport_HeavyCarry_7.mp4,transport_heavycarry,person_reading_document,00:00:00.000,00:00:04.690,
2018-03-15.15-50-00.15-55-00.school.G424_5099_vehicle_u_turn_9.mp4,vehicle_u_turn,vehicle_stopping,,,
2018-03-15.15-50-00.15-55-00.school.G424_1983_Riding_11.mp4,riding,riding,00:00:07.400,00:00:08.000,
2018-03-07.17-25-06.17-30-06.school.G339_3222_vehicle_stopping_6.mp4,vehicle_stopping,person_picks_up_object,00:00:00.000,00:00:01.700,
2018-03-07.17-25-06.17-30-06.school.G339_2586_vehicle_stopping_7.mp4,vehicle_stopping,vehicle_stopping,00:00:00.000,00:00:08.420,
2018-03-07.17-25-06.17-30-06.school.G339_3918_vehicle_stopping_9.mp4,vehicle_stopping,person_sets_down_object,00:00:00.000,00:00:04.750,
2018-03-07.17-25-06.17-30-06.school.G339_2265_person_opens_facility_door_46.mp4,person_opens_facility_door,,,,short clip
2018-03-07.17-25-06.17-30-06.school.G339_3073_person_enters_through_structure_4.mp4,person_enters_through_structure,person_picks_up_object,00:00:00.000,00:00:02.700,
2018-03-07.17-25-06.17-30-06.school.G339_4762_person_opens_facility_door_46.mp4,person_opens_facility_door,person_picks_up_object,,,
2018-03-07.17-25-06.17-30-06.school.G339_8100_vehicle_stopping_9.mp4,vehicle_stopping,vehicle_stopping,,,
2018-03-07.17-25-06.17-30-06.school.G339_3603_vehicle_stopping_7.mp4,vehicle_stopping,person_sets_down_object,,,
2018-03-07.17-25-06.17-30-06.school.G339_905_vehicle_stopping_6.mp4,vehicle_stopping,vehicle_stopping,00:00:00.000,00:00:06.550,
2018-03-07.17-25-06.17-30-06.school.G339_1275_vehicle_picks_up_person_14.mp4,vehicle_picks_up_person,person_enters_vehicle,00:00:00.000,00:00:11.880,
2018-03-07.17-25-06.17-30-06.school.G339_1250_person_exits_through_structure_60.mp4,person_exits_through_structure,person_exits_through_structure,00:00:00.000,00:00:01.320,
2018-03-07.17-25-06.17-30-06.school.G339_4263_person_exits_through_structure_60.mp4,person_exits_through_structure,person_sets_down_object,,,
2018-03-07.17-25-06.17-30-06.school.G339_8252_person_enters_through_structure_4.mp4,person_enters_through_structure,person_enters_through_structure-person_opens_facility_door,,,
2018-03-07.17-25-06.17-30-06.school.G339_3617_vehicle_picks_up_person_14.mp4,vehicle_picks_up_person,person_picks_up_object,,,
2018-03-09.10-10-01.10-15-01.school.G420_7101_person_opens_facility_door_8.mp4,person_opens_facility_door,,,,revisit
2018-03-09.10-10-01.10-15-01.school.G420_159_person_opens_facility_door_8.mp4,person_opens_facility_door,person_opens_facility_door-person_enters_through_structure,00:00:00.000,00:00:01.700,
2018-03-07.17-30-00.17-35-00.bus.G506_1185_person_opens_facility_door_4.mp4,person_opens_facility_door,transport_heavycarry,,,
2018-03-07.17-30-00.17-35-00.bus.G506_1201_person_opens_facility_door_1.mp4,person_opens_facility_door,person_enters_through_structure-person_opens_facility_door-transport_heavycarry,00:00:00.000,00:00:09.000,
2018-03-07.17-30-00.17-35-00.bus.G506_446_person_opens_facility_door_4.mp4,person_opens_facility_door,person_opens_facility_door,,,
2018-03-07.17-30-00.17-35-00.bus.G506_2802_person_enters_through_structure_41.mp4,person_enters_through_structure,person_closes_facility_door-person_enters_through_structure,00:00:00.000,00:00:02.090,
2018-03-07.17-30-00.17-35-00.bus.G506_3528_person_enters_through_structure_41.mp4,person_enters_through_structure,,,,revisit
2018-03-07.17-30-00.17-35-00.bus.G506_4682_person_exits_through_structure_10.mp4,person_exits_through_structure,object_transfer,,,
2018-03-07.17-30-00.17-35-00.bus.G506_7174_Transport_HeavyCarry_55.mp4,transport_heavycarry,transport_heavycarry,00:00:05.310,00:00:13.760,
2018-03-07.17-30-00.17-35-00.bus.G506_3759_person_exits_through_structure_17.mp4,person_exits_through_structure,object_transfer,00:00:30.390,00:00:33.660,
2018-03-07.17-30-00.17-35-00.bus.G506_1167_Transport_HeavyCarry_53.mp4,transport_heavycarry,person_opens_facility_door-person_enters_through_structure,,,
2018-03-07.17-30-00.17-35-00.bus.G506_7911_person_exits_through_structure_17.mp4,person_exits_through_structure,,,,revisit
2018-03-07.17-30-00.17-35-00.bus.G506_5587_person_opens_facility_door_1.mp4,person_opens_facility_door,specialized_texting_phone,,,
2018-03-07.17-30-00.17-35-00.bus.G506_482_person_exits_through_structure_10.mp4,person_exits_through_structure,person_opens_facility_door-person_exits_through_structure,00:00:00.000,00:00:07.950,
2018-03-07.17-30-00.17-35-00.bus.G506_621_person_enters_through_structure_32.mp4,person_enters_through_structure,person_enters_through_structure,00:00:00.000,00:00:01.150,
2018-03-07.17-30-00.17-35-00.bus.G506_4899_person_enters_through_structure_32.mp4,person_enters_through_structure,specialized_texting_phone,,,
2018-03-07.17-30-00.17-35-00.bus.G331_4177_person_exits_through_structure_45.mp4,person_exits_through_structure,person_exits_through_structure,,,
2018-03-07.17-30-00.17-35-00.bus.G331_468_person_exits_through_structure_45.mp4,person_exits_through_structure,person_standing_up,00:00:00.000,00:00:00.990,
2018-03-07.17-30-00.17-35-00.bus.G331_7643_person_opens_facility_door_61.mp4,person_opens_facility_door,person_opens_facility_door-person_exits_through_structure,,,
2018-03-07.17-30-00.17-35-00.bus.G331_900_person_exits_through_structure_48.mp4,person_exits_through_structure,person_sitting_down,,,
2018-03-07.17-30-00.17-35-00.bus.G331_143_person_opens_facility_door_61.mp4,person_opens_facility_door,person_standing_up,00:00:00.000,00:00:01.200,
2018-03-07.17-30-00.17-35-00.bus.G331_440_person_exits_through_structure_48.mp4,person_exits_through_structure,person_exits_through_structure,00:00:00.000,00:00:02.440,
2018-03-07.17-30-00.17-35-00.bus.G331_3188_person_enters_through_structure_55.mp4,person_enters_through_structure,person_sitting_down,00:02:25.000,00:02:30.000,
2018-03-07.17-30-00.17-35-00.bus.G331_27_person_enters_through_structure_55.mp4,person_enters_through_structure,talking,00:00:00.000,00:00:01.800,
2018-03-07.17-00-00.17-05-00.school.G638_1216_person_exits_through_structure_7.mp4,person_exits_through_structure,person_exits_through_structure,00:00:00.000,00:00:05.270,
2018-03-07.17-00-00.17-05-00.school.G638_1245_person_enters_through_structure_9.mp4,person_enters_through_structure,person_opens_facility_door-person_enters_through_structure,00:00:00.000,00:00:02.620,
2018-03-07.17-00-00.17-05-00.school.G638_6421_person_exits_through_structure_7.mp4,person_exits_through_structure,person_picks_up_object,,,
2018-03-07.17-00-00.17-05-00.school.G638_3298_person_opens_facility_door_12.mp4,person_opens_facility_door,person_opens_facility_door,00:00:00.000,00:00:02.000,
2018-03-07.17-00-00.17-05-00.school.G638_4629_person_enters_through_structure_9.mp4,person_enters_through_structure,specialized_texting_phone,,,taking photo
2018-03-07.17-00-00.17-05-00.school.G638_1008_person_enters_through_structure_0.mp4,person_enters_through_structure,specialized_talking_phone,,,
2018-03-07.17-00-00.17-05-00.school.G638_111_person_enters_through_structure_0.mp4,person_enters_through_structure,person_opens_facility_door-person_enters_through_structure,00:00:00.000,00:00:05.200,
2018-03-07.17-00-00.17-05-00.school.G638_8011_person_opens_facility_door_12.mp4,person_opens_facility_door,specialized_texting_phone,,,
2018-03-07.17-35-00.17-40-00.bus.G331_824_person_opens_facility_door_17.mp4,person_opens_facility_door,,,,short clip
2018-03-07.17-35-00.17-40-00.bus.G331_2699_person_opens_facility_door_17.mp4,person_opens_facility_door,person_standing_up,,,
2018-03-07.17-35-00.17-40-00.bus.G331_636_person_opens_facility_door_16.mp4,person_opens_facility_door,,,,revisit
2018-03-07.17-35-00.17-40-00.bus.G331_1049_person_enters_through_structure_1.mp4,person_enters_through_structure,person_sitting_down,,,
2018-03-07.17-35-00.17-40-00.bus.G331_3497_person_enters_through_structure_2.mp4,person_enters_through_structure,person_standing_up,00:00:00.000,00:00:01.340,
2018-03-07.17-35-00.17-40-00.bus.G331_197_person_opens_facility_door_16.mp4,person_opens_facility_door,person_opens_facility_door,00:00:00.000,00:00:02.580,
2018-03-07.17-35-00.17-40-00.bus.G331_380_person_enters_through_structure_1.mp4,person_enters_through_structure,person_enters_through_structure,00:00:00.000,00:00:03.600,
2018-03-07.17-25-00.17-30-00.bus.G508_6373_person_enters_through_structure_3.mp4,person_enters_through_structure,person_enters_through_structure,00:00:00.000,00:00:07.160,
2018-03-07.17-25-00.17-30-00.bus.G508_8605_person_enters_through_structure_3.mp4,person_enters_through_structure,person_reading_document,,,
2018-03-15.15-00-00.15-05-00.school.G638_5270_specialized_talking_phone_2.mp4,specialized_talking_phone,,,,revisit
2018-03-15.15-00-00.15-05-00.school.G638_1477_specialized_texting_phone_19.mp4,specialized_texting_phone,,,,revisit
2018-03-15.15-00-00.15-05-00.school.G638_8091_specialized_talking_phone_4.mp4,specialized_talking_phone,,,,revisit
2018-03-15.15-00-00.15-05-00.school.G638_4840_specialized_texting_phone_20.mp4,specialized_texting_phone,,,,revisit
2018-03-15.15-00-00.15-05-00.school.G638_1042_specialized_texting_phone_18.mp4,specialized_texting_phone,,,,revisit
2018-03-13.17-35-03.17-40-03.school.G336_1936_Transport_HeavyCarry_1.mp4,transport_heavycarry,transport_heavycarry,00:00:27.780,00:00:28.900,
2018-03-13.17-35-03.17-40-03.school.G336_2_Transport_HeavyCarry_0.mp4,transport_heavycarry,transport_heavycarry,00:01:53.850,00:01:55.700,
2018-03-13.17-35-03.17-40-03.school.G336_4956_Transport_HeavyCarry_3.mp4,transport_heavycarry,transport_heavycarry,00:00:23.300,00:00:25.500,
2018-03-13.17-35-03.17-40-03.school.G336_4484_Transport_HeavyCarry_2.mp4,transport_heavycarry,transport_heavycarry,00:00:24.820,00:00:26.230,
2018-03-15.14-50-01.14-55-01.school.G328_2090_Riding_7.mp4,riding,riding,00:00:15.500,00:00:16.260,
2018-03-07.17-05-00.17-10-00.bus.G331_0_person_exits_through_structure_29.mp4,person_exits_through_structure,specialized_talking_phone,00:00:00.000,00:00:17.400,
2018-03-07.17-05-00.17-10-00.bus.G331_3888_person_exits_through_structure_29.mp4,person_exits_through_structure,,,,short clip
2018-03-15.15-35-00.15-40-00.school.G339_548_person_standing_up_0.mp4,person_standing_up,,,,revisit
2018-03-12.10-05-00.10-10-00.bus.G505_3477_vehicle_u_turn_0.mp4,vehicle_u_turn,,,,revisit
2018-03-07.17-20-01.17-25-01.school.G420_0_person_opens_facility_door_1.mp4,person_opens_facility_door,person_opens_facility_door,00:00:05.100,00:00:07.800,
2018-03-07.17-05-00.17-10-00.school.G638_2646_person_enters_through_structure_3.mp4,person_enters_through_structure,person_enters_through_structure-person_opens_facility_door,00:00:00.000,00:00:08.700,
2018-03-07.17-05-00.17-10-00.school.G638_19_person_opens_facility_door_8.mp4,person_opens_facility_door,person_opens_facility_door,00:00:00.000,00:00:01.680,
2018-03-07.17-05-00.17-10-00.school.G638_3191_person_exits_through_structure_0.mp4,person_exits_through_structure,,,,revisit
2018-03-07.17-05-00.17-10-00.school.G638_0_person_exits_through_structure_0.mp4,person_exits_through_structure,person_exits_through_structure-person_opens_facility_door,00:00:00.000,00:00:02.940,
2018-03-07.17-05-00.17-10-00.school.G638_4416_person_enters_through_structure_3.mp4,person_enters_through_structure,person_picks_up_object,,,
2018-03-07.17-05-00.17-10-00.school.G638_3168_person_opens_facility_door_8.mp4,person_opens_facility_door,person_sets_down_object,,,
2018-03-13.17-25-03.17-30-03.school.G336_2186_Transport_HeavyCarry_1.mp4,transport_heavycarry,transport_heavycarry,00:00:28.980,00:00:33.034,
2018-03-13.17-25-03.17-30-03.school.G336_34_Transport_HeavyCarry_0.mp4,transport_heavycarry,transport_heavycarry,00:02:06.000,00:04:58.600,
2018-03-07.17-25-00.17-30-00.bus.G509_2266_person_enters_through_structure_3.mp4,person_enters_through_structure,person_enters_through_structure,00:00:00.000,00:00:14.000,
2018-03-07.17-25-00.17-30-00.bus.G509_3131_person_enters_through_structure_3.mp4,person_enters_through_structure,person_exits_through_structure,,,
2018-03-07.17-25-00.17-30-00.school.G336_3355_vehicle_turning_left_7.mp4,vehicle_turning_left,specialized_texting_phone,,,
2018-03-07.17-25-00.17-30-00.school.G336_3372_vehicle_u_turn_10.mp4,vehicle_u_turn,specialized_texting_phone,,,
2018-03-07.17-25-00.17-30-00.school.G336_2487_vehicle_turning_left_7.mp4,vehicle_turning_left,,,,short clip
2018-03-07.17-25-00.17-30-00.school.G336_728_vehicle_u_turn_11.mp4,vehicle_u_turn,vehicle_u_turn,00:00:00.000,00:00:11.000,
2018-03-07.17-25-00.17-30-00.school.G336_2348_vehicle_u_turn_10.mp4,vehicle_u_turn,,,,revisit
2018-03-07.17-25-00.17-30-00.school.G336_2728_vehicle_u_turn_10.mp4,vehicle_u_turn,,,,short clip
2018-03-07.16-50-00.16-55-00.bus.G506_8420_vehicle_reversing_6.mp4,vehicle_reversing,specialized_talking_phone,,,
2018-03-07.16-50-00.16-55-00.bus.G506_1545_vehicle_reversing_6.mp4,vehicle_reversing,vehicle_reversing,00:00:00.000,00:00:11.050,
2018-03-15.14-55-06.15-00-06.hospital.G341_4823_vehicle_reversing_4.mp4,vehicle_reversing,vehicle_reversing,00:00:06.790,00:00:11.460,
2018-03-07.16-50-06.16-55-06.school.G300_0_person_exits_through_structure_0.mp4,person_exits_through_structure,person_exits_through_structure,00:00:00.000,00:00:04.900,
2018-03-07.16-50-06.16-55-06.school.G300_40_person_exits_through_structure_1.mp4,person_exits_through_structure,specialized_texting_phone,00:00:00.000,00:00:06.800,
2018-03-15.15-00-00.15-05-00.bus.G331_538_hand_interaction_3.mp4,hand_interaction,specialized_texting_phone,00:00:00.000,00:00:13.200,
2018-03-09.10-10-00.10-15-00.school.G419_420_person_opens_facility_door_1.mp4,person_opens_facility_door,person_opens_facility_door,00:00:00.000,00:00:20.000,
2018-03-09.10-10-00.10-15-00.school.G419_420_person_enters_through_structure_12.mp4,person_enters_through_structure,person_enters_through_structure,00:00:00.000,00:00:30.190,
2018-03-07.17-20-06.17-25-06.school.G424_6881_vehicle_turning_left_7.mp4,vehicle_turning_left,talking,,,
2018-03-07.17-20-06.17-25-06.school.G424_672_vehicle_turning_left_7.mp4,vehicle_turning_left,,,,short clip
2018-03-07.17-05-00.17-10-00.school.G330_3883_person_exits_through_structure_5.mp4,person_exits_through_structure,person_sets_down_object,00:00:00.000,00:00:01.900,
2018-03-07.17-05-00.17-10-00.school.G330_4336_person_exits_through_structure_5.mp4,person_exits_through_structure,person_exits_through_structure,,,
2018-03-15.15-50-00.15-55-00.bus.G505_2632_vehicle_u_turn_2.mp4,vehicle_u_turn,,,,revisit
2018-03-15.15-50-00.15-55-00.bus.G505_2231_vehicle_u_turn_1.mp4,vehicle_u_turn,,,,revisit
2018-03-11.13-55-00.14-00-00.school.G330_7109_Transport_HeavyCarry_5.mp4,transport_heavycarry,person_sets_down_object,00:00:18.500,00:00:20.700,
2018-03-11.13-55-00.14-00-00.school.G330_6139_Transport_HeavyCarry_3.mp4,transport_heavycarry,transport_heavycarry,00:00:19.000,00:00:21.340,
2018-03-11.13-55-00.14-00-00.school.G330_4759_Transport_HeavyCarry_1.mp4,transport_heavycarry,transport_heavycarry-person_sets_down_object,,,
2018-03-11.13-55-00.14-00-00.school.G330_7763_Transport_HeavyCarry_6.mp4,transport_heavycarry,talking,,,
2018-03-11.13-55-00.14-00-00.school.G330_4480_Transport_HeavyCarry_2.mp4,transport_heavycarry,transport_heavycarry,00:00:08.690,00:00:10.060,
2018-03-07.16-55-00.17-00-00.school.G638_1609_person_opens_facility_door_0.mp4,person_opens_facility_door,person_opens_facility_door-person_exits_through_structure,00:00:00.000,00:00:01.460,
2018-03-07.16-55-00.17-00-00.school.G638_4838_person_exits_through_structure_5.mp4,person_exits_through_structure,talking,,,
2018-03-07.16-55-00.17-00-00.school.G638_1588_person_exits_through_structure_5.mp4,person_exits_through_structure,person_opens_facility_door-person_exits_through_structure,00:00:00.000,00:00:02.700,
2018-03-07.16-55-00.17-00-00.school.G638_2942_person_opens_facility_door_0.mp4,person_opens_facility_door,riding,,,occluded
2018-03-09.10-20-01.10-25-01.school.G638_7521_person_exits_vehicle_1.mp4,person_exits_vehicle,,,,revisit
2018-03-09.10-20-01.10-25-01.school.G638_490_person_exits_vehicle_1.mp4,person_exits_vehicle,person_exits_vehicle,00:00:04.000,00:00:09.500,
2018-03-07.16-55-00.17-00-00.bus.G331_4611_person_enters_through_structure_39.mp4,person_enters_through_structure,person_sitting_down,,,
2018-03-07.16-55-00.17-00-00.bus.G331_230_person_enters_through_structure_33.mp4,person_enters_through_structure,person_standing_up-specialized_texting_phone,00:00:00.000,00:00:01.900,
2018-03-07.16-55-00.17-00-00.bus.G331_2202_Transport_HeavyCarry_64.mp4,transport_heavycarry,transport_heavycarry,,,
2018-03-07.16-55-00.17-00-00.bus.G331_2213_person_enters_through_structure_39.mp4,person_enters_through_structure,person_enters_through_structure,00:00:00.000,00:00:01.500,
2018-03-07.16-55-00.17-00-00.bus.G331_1267_person_enters_through_structure_33.mp4,person_enters_through_structure,specialized_talking_phone,,,
2018-03-07.16-55-00.17-00-00.bus.G331_4141_person_enters_through_structure_37.mp4,person_enters_through_structure,,,,short clip
2018-03-07.16-55-00.17-00-00.bus.G331_7613_person_enters_through_structure_37.mp4,person_enters_through_structure,person_standing_up,00:00:02.500,00:00:05.500,
2018-03-07.16-55-00.17-00-00.bus.G331_8112_person_exits_through_structure_56.mp4,person_exits_through_structure,,,,short clip
2018-03-07.16-55-00.17-00-00.bus.G331_2399_person_exits_through_structure_56.mp4,person_exits_through_structure,,,,revisit
2018-03-07.16-55-06.17-00-06.school.G424_911_vehicle_stopping_3.mp4,vehicle_stopping,vehicle_stopping-vehicle_turning_left,00:00:00.000,00:00:07.510,
2018-03-07.16-55-06.17-00-06.school.G424_7593_vehicle_stopping_3.mp4,vehicle_stopping,talking-transport_heavycarry,00:00:00.000,00:00:22.000,
2018-03-15.15-45-00.15-50-00.bus.G505_4153_Transport_HeavyCarry_0.mp4,transport_heavycarry,transport_heavycarry,00:00:26.470,00:00:32.160,
2018-03-09.10-15-01.10-20-01.school.G339_3619_vehicle_turning_left_4.mp4,vehicle_turning_left,talking,,,
2018-03-09.10-15-01.10-20-01.school.G339_1903_vehicle_turning_left_4.mp4,vehicle_turning_left,,,,short clip
2018-03-07.17-35-00.17-40-00.bus.G508_4318_person_exits_through_structure_4.mp4,person_exits_through_structure,person_standing_up,,,
2018-03-07.17-35-00.17-40-00.bus.G508_504_person_exits_through_structure_4.mp4,person_exits_through_structure,,,,revisit
2018-03-07.17-25-01.17-30-01.admin.G326_5971_person_enters_through_structure_1.mp4,person_enters_through_structure,,,,revisit
2018-03-07.17-25-01.17-30-01.admin.G326_2702_person_enters_through_structure_1.mp4,person_enters_through_structure,person_enters_through_structure,00:00:00.000,00:00:03.610,
2018-03-07.17-05-06.17-10-06.school.G339_7897_Closing_Trunk_0.mp4,closing_trunk,talking,00:00:00.000,00:00:36.000,
2018-03-07.17-05-06.17-10-06.school.G339_2358_person_enters_through_structure_12.mp4,person_enters_through_structure,person_opens_facility_door,,,
2018-03-07.17-05-06.17-10-06.school.G339_3066_person_exits_through_structure_9.mp4,person_exits_through_structure,person_exits_through_structure,,,
2018-03-07.17-05-06.17-10-06.school.G339_7023_Closing_Trunk_0.mp4,closing_trunk,talking,,,
2018-03-07.17-05-06.17-10-06.school.G339_1193_person_enters_through_structure_12.mp4,person_enters_through_structure,transport_heavycarry-person_person_embrace-talking,00:00:00.000,00:00:03.200,
2018-03-07.17-05-06.17-10-06.school.G339_2440_Closing_Trunk_0.mp4,closing_trunk,,,,short clip
2018-03-07.17-05-06.17-10-06.school.G339_0_Talking_21.mp4,talking,talking,00:00:00.000,00:04:49.520,
2018-03-07.17-05-06.17-10-06.school.G339_3881_Closing_Trunk_0.mp4,closing_trunk,,,,short clip
2018-03-07.17-05-06.17-10-06.school.G339_3430_Closing_Trunk_0.mp4,closing_trunk,talking,,,
2018-03-07.17-05-06.17-10-06.school.G339_1914_person_exits_through_structure_9.mp4,person_exits_through_structure,person_sets_down_object,00:00:00.000,00:00:02.890,
2018-03-07.17-05-06.17-10-06.school.G339_4677_Closing_Trunk_0.mp4,closing_trunk,,,,short clip
2018-03-07.17-05-06.17-10-06.school.G339_830_person_exits_through_structure_5.mp4,person_exits_through_structure,person_exits_through_structure,00:00:00.000,00:00:03.700,
2018-03-07.17-05-06.17-10-06.school.G339_3167_Transport_HeavyCarry_43.mp4,transport_heavycarry,talking,,,
2018-03-07.17-05-06.17-10-06.school.G339_3731_person_exits_through_structure_10.mp4,person_exits_through_structure,person_opens_facility_door-person_exits_through_structure,,,
2018-03-07.17-05-06.17-10-06.school.G339_4279_Closing_Trunk_0.mp4,closing_trunk,,,,short clip
2018-03-07.17-05-06.17-10-06.school.G339_5075_Closing_Trunk_0.mp4,closing_trunk,,,,short clip
2018-03-07.17-05-06.17-10-06.school.G339_5870_Closing_Trunk_0.mp4,closing_trunk,talking,00:00:00.000,00:00:06.800,
2018-03-07.17-05-06.17-10-06.school.G339_0_Closing_Trunk_0.mp4,closing_trunk,talking,,,
2018-03-07.17-05-06.17-10-06.school.G339_5473_Closing_Trunk_0.mp4,closing_trunk,,,,short clip
2018-03-07.17-05-06.17-10-06.school.G339_2265_person_exits_through_structure_10.mp4,person_exits_through_structure,talking,00:00:00.000,00:00:33.000,
2018-03-13.17-30-02.17-35-02.hospital.G341_4958_person_person_embrace_0.mp4,person_person_embrace,,,,revisit
2018-03-13.17-30-02.17-35-02.hospital.G341_5624_Transport_HeavyCarry_3.mp4,transport_heavycarry,transport_heavycarry,00:00:35.800,00:00:36.800,
2018-03-13.17-30-02.17-35-02.hospital.G341_5609_person_person_embrace_1.mp4,person_person_embrace,,,,revisit
2018-03-13.17-30-02.17-35-02.hospital.G341_4928_Transport_HeavyCarry_2.mp4,transport_heavycarry,transport_heavycarry,00:00:17.700,00:00:19.600,
2018-03-07.16-55-01.17-00-01.admin.G326_4825_person_enters_through_structure_21.mp4,person_enters_through_structure,,,,short clip
2018-03-07.16-55-01.17-00-01.admin.G326_4791_person_opens_facility_door_0.mp4,person_opens_facility_door,person_opens_facility_door-person_exits_through_structure,00:00:01.500,00:00:13.900,
2018-03-07.16-55-01.17-00-01.admin.G326_1825_person_enters_through_structure_21.mp4,person_enters_through_structure,,,,short clip
2018-03-07.16-55-01.17-00-01.admin.G326_1615_person_opens_facility_door_0.mp4,person_opens_facility_door,person_opens_facility_door-person_enters_through_structure,00:00:00.000,00:00:11.600,
2018-03-07.17-20-00.17-25-00.school.G336_6080_vehicle_turning_right_24.mp4,vehicle_turning_right,talking-transport_heavycarry,,,
2018-03-07.17-20-00.17-25-00.school.G336_1977_vehicle_turning_left_27.mp4,vehicle_turning_left,vehicle_turning_left,00:00:00.000,00:00:04.960,
2018-03-07.17-20-00.17-25-00.school.G336_357_vehicle_turning_right_24.mp4,vehicle_turning_right,vehicle_turning_right,00:00:00.000,00:00:10.670,
2018-03-07.17-20-00.17-25-00.school.G336_7777_vehicle_stopping_34.mp4,vehicle_stopping,talking,,,
2018-03-07.17-20-00.17-25-00.school.G336_55_vehicle_starting_1.mp4,vehicle_starting,vehicle_starting,00:00:00.000,00:00:07.300,
2018-03-07.17-20-00.17-25-00.school.G336_4000_vehicle_stopping_34.mp4,vehicle_stopping,vehicle_stopping,00:00:00.000,00:00:04.800,
2018-03-07.17-20-00.17-25-00.school.G336_4689_vehicle_turning_left_27.mp4,vehicle_turning_left,talking,,,
2018-03-07.17-20-00.17-25-00.school.G336_1929_vehicle_u_turn_4.mp4,vehicle_u_turn,vehicle_u_turn,00:00:00.000,00:00:06.190,
2018-03-07.17-20-00.17-25-00.school.G336_4688_vehicle_starting_1.mp4,vehicle_starting,,,,revisit
2018-03-07.17-20-00.17-25-00.school.G336_6081_vehicle_u_turn_4.mp4,vehicle_u_turn,talking,,,
2018-03-07.17-05-01.17-10-01.hospital.G436_1291_vehicle_turning_left_12.mp4,vehicle_turning_left,transport_heavycarry-talking,,,
2018-03-07.17-05-01.17-10-01.hospital.G436_1254_vehicle_turning_right_19.mp4,vehicle_turning_right,talking-transport_heavycarry,00:00:00.000,00:00:21.000,
2018-03-07.17-05-01.17-10-01.hospital.G436_1421_vehicle_u_turn_17.mp4,vehicle_u_turn,vehicle_u_turn,00:00:00.000,00:00:17.300,
2018-03-07.17-05-01.17-10-01.hospital.G436_3290_vehicle_u_turn_17.mp4,vehicle_u_turn,talking-transport_heavycarry,,,
2018-03-07.17-05-01.17-10-01.hospital.G436_57_vehicle_turning_right_19.mp4,vehicle_turning_right,vehicle_turning_right,00:00:00.000,00:00:08.590,
2018-03-07.17-05-01.17-10-01.hospital.G436_674_vehicle_turning_left_12.mp4,vehicle_turning_left,vehicle_turning_left,00:00:00.000,00:00:03.400,
2018-03-07.17-05-01.17-10-01.hospital.G436_798_vehicle_turning_right_9.mp4,vehicle_turning_right,vehicle_turning_right,00:00:00.000,00:00:02.570,
2018-03-07.17-05-01.17-10-01.hospital.G436_2720_vehicle_turning_right_9.mp4,vehicle_turning_right,talking,,,
2018-03-07.16-55-06.17-00-06.school.G339_6039_specialized_talking_phone_0.mp4,specialized_talking_phone,talking,,,
2018-03-07.16-55-06.17-00-06.school.G339_208_vehicle_u_turn_5.mp4,vehicle_u_turn,specialized_talking_phone,00:00:00.000,00:00:13.200,
2018-03-07.16-55-06.17-00-06.school.G339_454_person_enters_through_structure_8.mp4,person_enters_through_structure,person_opens_facility_door-person_exits_through_structure,00:00:00.000,00:00:03.200,
2018-03-07.16-55-06.17-00-06.school.G339_8451_vehicle_u_turn_5.mp4,vehicle_u_turn,vehicle_u_turn,,,
2018-03-07.16-55-06.17-00-06.school.G339_165_specialized_talking_phone_0.mp4,specialized_talking_phone,specialized_talking_phone,00:00:00.000,00:00:15.860,
2018-03-07.16-55-06.17-00-06.school.G339_4588_person_enters_through_structure_8.mp4,person_enters_through_structure,hand_interaction,,,
2018-03-07.16-50-01.16-55-01.school.G420_5023_person_exits_through_structure_1.mp4,person_exits_through_structure,person_standing_up,,,
2018-03-07.16-50-01.16-55-01.school.G420_0_person_opens_facility_door_7.mp4,person_opens_facility_door,person_opens_facility_door,00:00:00.000,00:00:11.240,
2018-03-07.16-50-01.16-55-01.school.G420_4236_person_opens_facility_door_7.mp4,person_opens_facility_door,person_sitting_down,00:00:00.000,00:00:04.900,
2018-03-07.16-50-01.16-55-01.school.G420_100_person_exits_through_structure_1.mp4,person_exits_through_structure,person_exits_through_structure,00:00:00.000,00:00:02.600,
2018-03-07.17-20-00.17-25-00.bus.G508_298_person_exits_through_structure_7.mp4,person_exits_through_structure,person_sitting_down,00:00:00.000,00:00:03.000,
2018-03-07.17-20-00.17-25-00.bus.G508_6078_person_exits_through_structure_7.mp4,person_exits_through_structure,,,,revisit
2018-03-07.17-25-00.17-30-00.bus.G331_49_person_enters_through_structure_1.mp4,person_enters_through_structure,person_sitting_down,00:00:00.000,00:00:02.400,
2018-03-07.17-25-00.17-30-00.bus.G331_2510_person_enters_through_structure_2.mp4,person_enters_through_structure,,,,revisit
2018-03-07.17-25-00.17-30-00.bus.G331_1070_person_exits_through_structure_5.mp4,person_exits_through_structure,person_exits_through_structure,,,
2018-03-07.17-25-00.17-30-00.bus.G331_421_person_enters_through_structure_2.mp4,person_enters_through_structure,person_sitting_down,00:00:00.000,00:00:02.370,
2018-03-07.17-25-00.17-30-00.bus.G331_70_person_exits_through_structure_5.mp4,person_exits_through_structure,person_sitting_down,00:00:00.000,00:00:03.060,
2018-03-07.17-25-00.17-30-00.bus.G506_2459_vehicle_starting_15.mp4,vehicle_starting,vehicle_starting,00:00:00.000,00:00:05.100,
2018-03-07.17-25-00.17-30-00.bus.G506_7541_vehicle_starting_15.mp4,vehicle_starting,person_sitting_down,,,
2018-03-07.17-25-00.17-30-00.bus.G506_714_vehicle_turning_right_12.mp4,vehicle_turning_right,talking,00:00:00.000,00:00:10.000,
2018-03-07.17-25-00.17-30-00.bus.G506_670_vehicle_picks_up_person_2.mp4,vehicle_picks_up_person,vehicle_picks_up_person,00:00:20.240,00:00:42.300,
2018-03-07.17-25-00.17-30-00.bus.G506_1890_vehicle_drops_off_person_5.mp4,vehicle_drops_off_person,specialized_texting_phone,00:00:00.000,00:00:08.280,
2018-03-07.17-25-00.17-30-00.bus.G506_3409_vehicle_drops_off_person_5.mp4,vehicle_drops_off_person,person_exits_vehicle,00:00:00.000,00:00:08.790,
2018-03-07.16-50-06.16-55-06.school.G424_5226_vehicle_u_turn_54.mp4,vehicle_u_turn,vehicle_stopping,00:00:02.000,00:00:07.900,
2018-03-07.16-50-06.16-55-06.school.G424_0_vehicle_starting_16.mp4,vehicle_starting,vehicle_starting,00:00:00.000,00:00:00.421,
2018-03-07.16-50-06.16-55-06.school.G424_351_vehicle_u_turn_53.mp4,vehicle_u_turn,vehicle_turning_left,00:00:05.800,00:00:12.500,
2018-03-07.16-50-06.16-55-06.school.G424_3145_vehicle_starting_16.mp4,vehicle_starting,person_sets_down_object,,,
2018-03-13.16-20-00.16-25-00.school.G638_6040_Transport_HeavyCarry_23.mp4,transport_heavycarry,transport_heavycarry,00:00:05.960,00:00:07.100,
2018-03-13.16-20-00.16-25-00.school.G638_6882_specialized_talking_phone_3.mp4,specialized_talking_phone,specialized_talking_phone,00:00:18.750,00:00:31.230,
2018-03-13.16-20-00.16-25-00.school.G638_6124_Transport_HeavyCarry_24.mp4,transport_heavycarry,transport_heavycarry,00:00:03.210,00:00:07.160,
2018-03-09.10-15-00.10-20-00.school.G424_1851_vehicle_u_turn_9.mp4,vehicle_u_turn,vehicle_turning_left,00:00:00.000,00:00:05.900,
2018-03-09.10-15-00.10-20-00.school.G424_4727_vehicle_u_turn_9.mp4,vehicle_u_turn,talking,,,
2018-03-07.17-00-01.17-05-01.hospital.G436_0_vehicle_stopping_0.mp4,vehicle_stopping,vehicle_stopping,00:00:00.000,00:00:08.500,
2018-03-07.17-00-01.17-05-01.hospital.G436_280_vehicle_drops_off_person_2.mp4,vehicle_drops_off_person,vehicle_drops_off_person,,,
2018-03-07.17-00-01.17-05-01.hospital.G436_3250_vehicle_stopping_0.mp4,vehicle_stopping,,,,revisit
2018-03-07.17-00-01.17-05-01.hospital.G436_6332_vehicle_drops_off_person_2.mp4,vehicle_drops_off_person,person_standing_up,,,
2018-03-07.17-35-06.17-40-06.school.G424_8139_vehicle_turning_left_39.mp4,vehicle_turning_left,person_picks_up_object,,,
2018-03-07.17-35-06.17-40-06.school.G424_1846_vehicle_turning_left_39.mp4,vehicle_turning_left,,,,short clip
2018-03-07.17-35-06.17-40-06.school.G424_3828_vehicle_reversing_56.mp4,vehicle_reversing,vehicle_reversing,00:00:00.000,00:00:08.800,
2018-03-07.17-35-06.17-40-06.school.G424_8286_vehicle_reversing_56.mp4,vehicle_reversing,person_picks_up_object,,,
2018-03-07.17-30-01.17-35-01.admin.G326_5264_person_enters_through_structure_11.mp4,person_enters_through_structure,,,,revisit
2018-03-07.17-30-01.17-35-01.admin.G326_4404_person_enters_through_structure_11.mp4,person_enters_through_structure,person_enters_through_structure,,,
2018-03-09.10-10-00.10-15-00.school.G330_1129_person_enters_through_structure_25.mp4,person_enters_through_structure,,,,short clip
2018-03-09.10-10-00.10-15-00.school.G330_6850_person_enters_through_structure_25.mp4,person_enters_through_structure,talking,,,
2018-03-07.17-30-00.17-35-00.school.G336_3024_vehicle_stopping_21.mp4,vehicle_stopping,vehicle_stopping,00:00:05.000,00:00:10.430,
2018-03-07.17-30-00.17-35-00.school.G336_625_vehicle_drops_off_person_1.mp4,vehicle_drops_off_person,person_exits_vehicle,00:00:00.000,00:00:07.400,
2018-03-07.17-30-00.17-35-00.school.G336_5127_vehicle_stopping_21.mp4,vehicle_stopping,specialized_texting_phone,,,
2018-03-07.17-30-00.17-35-00.school.G336_5883_vehicle_drops_off_person_1.mp4,vehicle_drops_off_person,specialized_texting_phone,00:00:00.000,00:00:06.900,
2018-03-15.15-55-01.16-00-01.school.G328_0_person_enters_vehicle_3.mp4,person_enters_vehicle,,,,revisit
2018-03-07.16-55-01.17-00-01.hospital.G436_8526_vehicle_u_turn_11.mp4,vehicle_u_turn,vehicle_u_turn,,,
2018-03-07.16-55-01.17-00-01.hospital.G436_1728_vehicle_stopping_1.mp4,vehicle_stopping,talking,00:00:00.000,00:00:30.000,
2018-03-07.16-55-01.17-00-01.hospital.G436_1074_vehicle_turning_left_6.mp4,vehicle_turning_left,vehicle_turning_left,00:00:00.000,00:00:06.400,
2018-03-07.16-55-01.17-00-01.hospital.G436_754_vehicle_stopping_0.mp4,vehicle_stopping,vehicle_stopping,00:00:11.600,00:00:19.000,
2018-03-07.16-55-01.17-00-01.hospital.G436_7124_vehicle_stopping_1.mp4,vehicle_stopping,vehicle_stopping,,,
2018-03-07.16-55-01.17-00-01.hospital.G436_6170_vehicle_turning_left_6.mp4,vehicle_turning_left,,,,short clip
2018-03-07.16-55-01.17-00-01.hospital.G436_8263_vehicle_stopping_2.mp4,vehicle_stopping,person_picks_up_object,,,
2018-03-07.16-55-01.17-00-01.hospital.G436_8006_vehicle_turning_left_6.mp4,vehicle_turning_left,talking,,,
2018-03-07.16-55-01.17-00-01.hospital.G436_2424_vehicle_turning_left_4.mp4,vehicle_turning_left,vehicle_turning_left,00:00:00.000,00:00:07.500,
2018-03-07.16-55-01.17-00-01.hospital.G436_648_vehicle_turning_left_4.mp4,vehicle_turning_left,talking,00:00:00.000,00:00:21.730,
2018-03-07.16-55-01.17-00-01.hospital.G436_5617_vehicle_starting_8.mp4,vehicle_starting,talking,00:00:00.000,00:00:06.900,
2018-03-07.16-55-01.17-00-01.hospital.G436_2902_vehicle_u_turn_11.mp4,vehicle_u_turn,riding,00:00:00.000,00:00:50.000,
2018-03-07.16-55-01.17-00-01.hospital.G436_5188_vehicle_turning_left_6.mp4,vehicle_turning_left,talking,,,
2018-03-07.16-55-01.17-00-01.hospital.G436_7724_vehicle_starting_8.mp4,vehicle_starting,vehicle_starting-vehicle_turning_left,,,
2018-03-07.16-55-01.17-00-01.hospital.G436_7053_vehicle_stopping_2.mp4,vehicle_stopping,vehicle_stopping,00:00:00.000,00:00:02.720,
2018-03-07.16-55-01.17-00-01.hospital.G436_7088_vehicle_turning_left_6.mp4,vehicle_turning_left,,,,short clip
2018-03-07.17-30-03.17-35-03.school.G300_853_vehicle_turning_left_0.mp4,vehicle_turning_left,vehicle_turning_left,00:00:00.000,00:00:06.000,
2018-03-07.16-50-06.16-55-06.school.G339_3780_vehicle_turning_right_10.mp4,vehicle_turning_right,,,,short clip
2018-03-07.16-50-06.16-55-06.school.G339_6896_vehicle_turning_right_11.mp4,vehicle_turning_right,,,,revisit
2018-03-07.16-50-06.16-55-06.school.G339_1002_vehicle_turning_left_7.mp4,vehicle_turning_left,,,,short clip
2018-03-07.16-50-06.16-55-06.school.G339_3024_vehicle_turning_right_10.mp4,vehicle_turning_right,,,,short clip
2018-03-07.16-50-06.16-55-06.school.G339_3195_vehicle_turning_left_7.mp4,vehicle_turning_left,person_sets_down_object,,,
2018-03-07.16-50-06.16-55-06.school.G339_3757_vehicle_drops_off_person_12.mp4,vehicle_drops_off_person,,,,revisit
2018-03-07.16-50-06.16-55-06.school.G339_650_vehicle_stopping_6.mp4,vehicle_stopping,vehicle_stopping,00:00:00.000,00:00:02.470,
2018-03-07.16-50-06.16-55-06.school.G339_8410_vehicle_drops_off_person_12.mp4,vehicle_drops_off_person,talking,,,
2018-03-07.16-50-06.16-55-06.school.G339_2930_vehicle_drops_off_person_12.mp4,vehicle_drops_off_person,person_sets_down_object,00:00:00.000,00:00:10.650,
2018-03-07.16-50-06.16-55-06.school.G339_3149_vehicle_stopping_6.mp4,vehicle_stopping,person_sets_down_object,,,
2018-03-07.16-50-06.16-55-06.school.G339_3563_vehicle_turning_right_11.mp4,vehicle_turning_right,,,,revisit
2018-03-07.17-25-06.17-30-06.school.G424_773_vehicle_stopping_12.mp4,vehicle_stopping,vehicle_turning_left-vehicle_stopping,00:00:00.000,00:00:04.300,
2018-03-07.17-25-06.17-30-06.school.G424_490_vehicle_turning_left_4.mp4,vehicle_turning_left,specialized_texting_phone-transport_heavycarry,00:00:11.000,00:00:19.000,
2018-03-15.15-35-06.15-40-06.hospital.G341_4389_Riding_9.mp4,riding,riding,00:00:05.950,00:00:06.760,
2018-03-15.15-35-06.15-40-06.hospital.G341_533_vehicle_reversing_7.mp4,vehicle_reversing,vehicle_reversing,,,
2018-03-15.15-15-00.15-20-00.school.G421_4973_person_purchasing_4.mp4,person_purchasing,person_purchasing,,,
2018-03-15.15-10-07.15-15-07.hospital.G436_4834_vehicle_u_turn_28.mp4,vehicle_u_turn,vehicle_turning_left,00:00:06.400,00:00:09.600,
2018-03-15.15-10-07.15-15-07.hospital.G436_8341_vehicle_u_turn_30.mp4,vehicle_u_turn,vehicle_turning_left,00:00:07.900,00:00:11.900,
2018-03-15.15-10-07.15-15-07.hospital.G436_6434_vehicle_u_turn_29.mp4,vehicle_u_turn,,,,revisit
2018-03-15.15-10-07.15-15-07.hospital.G436_210_vehicle_u_turn_27.mp4,vehicle_u_turn,,,,revisit
2018-03-15.15-10-07.15-15-07.hospital.G436_5506_Riding_22.mp4,riding,,,,revisit
2018-03-15.15-10-07.15-15-07.hospital.G436_8739_vehicle_u_turn_21.mp4,vehicle_u_turn,vehicle_turning_left,00:00:04.300,00:00:08.000,
2018-03-11.13-55-01.14-00-01.school.G339_6964_vehicle_u_turn_4.mp4,vehicle_u_turn,,,,revisit
2018-03-09.10-10-01.10-15-01.school.G339_4770_vehicle_reversing_1.mp4,vehicle_reversing,vehicle_reversing-vehicle_stopping,,,
2018-03-09.10-10-01.10-15-01.school.G339_2339_vehicle_reversing_1.mp4,vehicle_reversing,,,,revisit
2018-03-15.15-30-03.15-35-03.school.G300_460_vehicle_reversing_6.mp4,vehicle_reversing,vehicle_reversing,00:00:03.400,00:00:11.700,
2018-03-07.17-00-06.17-05-06.school.G424_2956_vehicle_turning_left_0.mp4,vehicle_turning_left,vehicle_turning_left,00:00:00.000,00:02:18.880,
2018-03-07.17-00-06.17-05-06.school.G424_4097_vehicle_turning_right_1.mp4,vehicle_turning_right,vehicle_turning_right,,,
2018-03-07.17-00-06.17-05-06.school.G424_595_vehicle_turning_right_1.mp4,vehicle_turning_right,specialized_texting_phone,00:00:00.000,00:00:05.240,
2018-03-07.17-00-06.17-05-06.school.G424_4934_vehicle_starting_2.mp4,vehicle_starting,vehicle_starting,,,
2018-03-07.17-00-06.17-05-06.school.G424_751_vehicle_starting_2.mp4,vehicle_starting,vehicle_starting,00:00:00.000,00:00:01.450,
2018-03-07.17-00-06.17-05-06.school.G424_0_vehicle_turning_left_0.mp4,vehicle_turning_left,talking,00:00:00.000,00:00:32.050,
2018-03-15.14-50-06.14-55-06.hospital.G341_6659_vehicle_drops_off_person_6.mp4,vehicle_drops_off_person,person_opens_vehicle_door,00:00:11.000,00:00:20.000,
2018-03-15.14-50-06.14-55-06.hospital.G341_7898_Riding_12.mp4,riding,,,,revisit
2018-03-15.14-50-06.14-55-06.hospital.G341_3848_vehicle_u_turn_10.mp4,vehicle_u_turn,vehicle_turning_right,,,
2018-03-15.14-50-06.14-55-06.hospital.G341_6432_vehicle_u_turn_11.mp4,vehicle_u_turn,vehicle_turning_left,00:00:03.740,00:00:07.730,
2018-03-07.17-25-01.17-30-01.hospital.G436_4426_vehicle_u_turn_2.mp4,vehicle_u_turn,person_sets_down_object,00:00:07.500,00:00:12.500,
2018-03-07.17-25-01.17-30-01.hospital.G436_3232_person_exits_vehicle_23.mp4,person_exits_vehicle,person_picks_up_object,,,
2018-03-07.17-25-01.17-30-01.hospital.G436_7533_vehicle_drops_off_person_9.mp4,vehicle_drops_off_person,person_exits_vehicle,,,
2018-03-07.17-25-01.17-30-01.hospital.G436_4996_person_exits_vehicle_24.mp4,person_exits_vehicle,person_sets_down_object,00:00:00.000,00:00:02.500,
2018-03-07.17-25-01.17-30-01.hospital.G436_3295_vehicle_drops_off_person_8.mp4,vehicle_drops_off_person,person_exits_vehicle,00:00:02.000,00:00:12.000,
2018-03-07.17-25-01.17-30-01.hospital.G436_1267_person_exits_vehicle_23.mp4,person_exits_vehicle,person_opens_vehicle_door,00:00:00.000,00:00:01.860,
2018-03-07.17-25-01.17-30-01.hospital.G436_2761_vehicle_stopping_26.mp4,vehicle_stopping,vehicle_stopping,00:00:00.000,00:00:02.850,
2018-03-07.17-25-01.17-30-01.hospital.G436_639_vehicle_u_turn_1.mp4,vehicle_u_turn,vehicle_u_turn,00:00:00.000,00:00:14.300,
2018-03-07.17-25-01.17-30-01.hospital.G436_4423_vehicle_picks_up_person_5.mp4,vehicle_picks_up_person,person_sets_down_object,,,
2018-03-07.17-25-01.17-30-01.hospital.G436_1288_vehicle_picks_up_person_5.mp4,vehicle_picks_up_person,person_exits_vehicle,00:00:00.000,00:00:05.260,
2018-03-07.17-25-01.17-30-01.hospital.G436_6501_vehicle_u_turn_2.mp4,vehicle_u_turn,vehicle_u_turn,,,
2018-03-07.17-25-01.17-30-01.hospital.G436_4902_vehicle_drops_off_person_9.mp4,vehicle_drops_off_person,person_picks_up_object,00:00:00.000,00:00:02.360,
2018-03-07.17-25-01.17-30-01.hospital.G436_4298_vehicle_drops_off_person_8.mp4,vehicle_drops_off_person,person_picks_up_object,,,
2018-03-07.17-25-01.17-30-01.hospital.G436_7552_person_exits_vehicle_24.mp4,person_exits_vehicle,,,,short clip
2018-03-07.17-25-01.17-30-01.hospital.G436_4119_vehicle_stopping_26.mp4,vehicle_stopping,,,,revisit
2018-03-07.17-25-01.17-30-01.hospital.G436_3770_vehicle_u_turn_1.mp4,vehicle_u_turn,person_picks_up_object,00:00:00.000,00:00:00.920,
2018-03-07.17-20-00.17-25-00.bus.G331_5706_person_exits_through_structure_52.mp4,person_exits_through_structure,person_exits_through_structure,,,
2018-03-07.17-20-00.17-25-00.bus.G331_8845_person_opens_facility_door_70.mp4,person_opens_facility_door,person_enters_through_structure,,,
2018-03-07.17-20-00.17-25-00.bus.G331_2188_person_opens_facility_door_70.mp4,person_opens_facility_door,person_standing_up,00:00:00.000,00:00:01.650,
2018-03-07.17-20-00.17-25-00.bus.G331_7855_person_exits_through_structure_50.mp4,person_exits_through_structure,person_opens_facility_door-person_exits_through_structure-specialized_talking_phone,,,
2018-03-07.17-20-00.17-25-00.bus.G331_7704_person_closes_facility_door_71.mp4,person_closes_facility_door,person_enters_through_structure,,,
2018-03-07.17-20-00.17-25-00.bus.G331_0_person_exits_through_structure_52.mp4,person_exits_through_structure,person_sitting_down,00:00:16.000,00:00:23.000,
2018-03-07.17-20-00.17-25-00.bus.G331_817_person_closes_facility_door_71.mp4,person_closes_facility_door,person_sitting_down,00:00:00.000,00:00:01.550,
2018-03-07.17-20-00.17-25-00.bus.G331_536_person_exits_through_structure_50.mp4,person_exits_through_structure,person_sitting_down,00:00:00.000,00:00:04.670,
2018-03-07.17-30-00.17-35-00.admin.G329_4458_person_enters_through_structure_1.mp4,person_enters_through_structure,person_enters_through_structure,00:00:00.000,00:00:04.500,
2018-03-07.17-30-00.17-35-00.admin.G329_5312_person_enters_through_structure_1.mp4,person_enters_through_structure,,,,revisit
2018-03-07.17-30-00.17-35-00.bus.G508_5634_person_enters_through_structure_20.mp4,person_enters_through_structure,person_enters_through_structure,00:00:00.000,00:00:09.300,
2018-03-07.17-30-00.17-35-00.bus.G508_1500_person_exits_through_structure_5.mp4,person_exits_through_structure,person_exits_through_structure,,,
2018-03-07.17-30-00.17-35-00.bus.G508_2126_person_exits_through_structure_4.mp4,person_exits_through_structure,person_exits_through_structure,,,
2018-03-07.17-30-00.17-35-00.bus.G508_6347_person_enters_through_structure_20.mp4,person_enters_through_structure,person_sitting_down,,,
2018-03-07.17-30-00.17-35-00.bus.G508_1358_person_exits_through_structure_4.mp4,person_exits_through_structure,person_standing_up,00:00:00.000,00:00:00.960,
2018-03-07.17-30-00.17-35-00.bus.G508_1487_person_exits_through_structure_10.mp4,person_exits_through_structure,person_sitting_down,00:02:40.000,00:02:47.000,
2018-03-07.17-30-00.17-35-00.bus.G508_0_person_exits_through_structure_5.mp4,person_exits_through_structure,person_reading_document,00:00:00.000,00:00:23.000,
2018-03-07.17-05-00.17-10-00.bus.G508_5206_person_enters_through_structure_8.mp4,person_enters_through_structure,talking,00:00:00.000,00:00:03.460,
2018-03-07.17-05-00.17-10-00.bus.G508_5046_person_enters_through_structure_15.mp4,person_enters_through_structure,specialized_texting_phone,00:00:00.000,00:00:10.400,
2018-03-07.17-05-00.17-10-00.bus.G508_6159_person_enters_through_structure_8.mp4,person_enters_through_structure,person_enters_through_structure,,,
2018-03-07.17-05-00.17-10-00.bus.G508_0_person_exits_through_structure_3.mp4,person_exits_through_structure,person_reading_document,00:00:00.000,00:03:20.000,
2018-03-07.17-05-00.17-10-00.bus.G508_8180_person_exits_through_structure_3.mp4,person_exits_through_structure,person_exits_through_structure,00:00:00.000,00:00:09.800,
2018-03-07.17-05-00.17-10-00.bus.G508_8083_person_enters_through_structure_15.mp4,person_enters_through_structure,person_exits_through_structure,,,
2018-03-13.15-50-00.15-55-00.school.G328_2111_vehicle_reversing_6.mp4,vehicle_reversing,vehicle_reversing,00:00:08.800,00:00:14.800,
2018-03-07.16-55-00.17-00-00.bus.G506_1911_vehicle_starting_0.mp4,vehicle_starting,vehicle_starting,00:00:00.000,00:00:05.300,
2018-03-07.16-55-00.17-00-00.bus.G506_4202_vehicle_starting_0.mp4,vehicle_starting,specialized_talking_phone,00:01:07.000,00:02:38.000,
2018-03-07.16-55-06.17-00-06.school.G336_2985_vehicle_stopping_0.mp4,vehicle_stopping,riding,00:00:00.000,00:00:50.000,
2018-03-07.16-55-06.17-00-06.school.G336_3039_vehicle_starting_4.mp4,vehicle_starting,riding,,,
2018-03-07.16-55-06.17-00-06.school.G336_1708_vehicle_starting_4.mp4,vehicle_starting,vehicle_starting,00:00:00.000,00:00:09.700,
2018-03-07.16-55-06.17-00-06.school.G336_6973_vehicle_stopping_0.mp4,vehicle_stopping,vehicle_stopping,,,
2018-03-07.17-20-01.17-25-01.hospital.G436_8270_vehicle_u_turn_2.mp4,vehicle_u_turn,specialized_talking_phone,,,
2018-03-07.17-20-01.17-25-01.hospital.G436_320_vehicle_u_turn_2.mp4,vehicle_u_turn,vehicle_u_turn,00:00:00.000,00:00:14.530,
2018-03-07.17-20-01.17-25-01.hospital.G436_7139_vehicle_turning_left_3.mp4,vehicle_turning_left,person_picks_up_object,,,
2018-03-07.17-20-01.17-25-01.hospital.G436_283_vehicle_u_turn_28.mp4,vehicle_u_turn,,,,revisit
2018-03-07.17-20-01.17-25-01.hospital.G436_7180_vehicle_turning_right_41.mp4,vehicle_turning_right,person_picks_up_object-person_exits_vehicle,00:00:00.000,00:00:08.000,
2018-03-07.17-20-01.17-25-01.hospital.G436_1972_vehicle_u_turn_28.mp4,vehicle_u_turn,talking,,,
2018-03-07.17-20-01.17-25-01.hospital.G436_7363_vehicle_turning_right_5.mp4,vehicle_turning_right,vehicle_turning_right,00:00:00.000,00:00:11.500,
2018-03-07.17-20-01.17-25-01.hospital.G436_3502_vehicle_turning_left_3.mp4,vehicle_turning_left,vehicle_turning_left,00:00:00.000,00:00:06.000,
2018-03-07.17-20-01.17-25-01.hospital.G436_90_vehicle_starting_0.mp4,vehicle_starting,vehicle_starting,00:00:00.000,00:00:08.800,
2018-03-07.17-20-01.17-25-01.hospital.G436_8060_vehicle_turning_right_41.mp4,vehicle_turning_right,vehicle_turning_left,,,
2018-03-07.17-20-01.17-25-01.hospital.G436_8024_vehicle_turning_right_5.mp4,vehicle_turning_right,person_picks_up_object,,,
2018-03-09.10-10-01.10-15-01.school.G638_3873_person_exits_through_structure_13.mp4,person_exits_through_structure,,,,revisit
2018-03-09.10-10-01.10-15-01.school.G638_8610_person_opens_facility_door_9.mp4,person_opens_facility_door,person_opens_facility_door-person_enters_through_structure,,,
2018-03-09.10-10-01.10-15-01.school.G638_7640_person_opens_facility_door_6.mp4,person_opens_facility_door,person_opens_facility_door,,,
2018-03-09.10-10-01.10-15-01.school.G638_7169_person_exits_through_structure_13.mp4,person_exits_through_structure,,,,revisit
2018-03-09.10-10-01.10-15-01.school.G638_8931_person_opens_facility_door_3.mp4,person_opens_facility_door,specialized_talking_phone,,,
2018-03-09.10-10-01.10-15-01.school.G638_6314_person_opens_facility_door_6.mp4,person_opens_facility_door,talking,00:00:00.000,00:00:12.470,
2018-03-09.10-10-01.10-15-01.school.G638_5810_person_opens_facility_door_3.mp4,person_opens_facility_door,,,,revisit
2018-03-09.10-10-01.10-15-01.school.G638_7723_person_opens_facility_door_9.mp4,person_opens_facility_door,person_reading_document,00:00:00.000,00:00:03.250,
2018-03-07.16-50-00.16-55-00.school.G638_0_person_opens_facility_door_2.mp4,person_opens_facility_door,specialized_talking_phone,00:00:00.000,00:02:15.750,
2018-03-11.14-05-00.14-10-00.school.G420_3562_specialized_talking_phone_7.mp4,specialized_talking_phone,,,,revisit
2018-03-11.14-05-00.14-10-00.school.G420_4704_specialized_talking_phone_8.mp4,specialized_talking_phone,specialized_talking_phone,00:00:16.500,00:00:46.000,
2018-03-11.14-05-00.14-10-00.school.G420_3937_specialized_texting_phone_10.mp4,specialized_texting_phone,specialized_texting_phone,00:00:06.460,00:00:08.500,
2018-03-07.16-55-00.17-00-00.admin.G329_1822_person_enters_through_structure_8.mp4,person_enters_through_structure,,,,short clip
2018-03-07.16-55-00.17-00-00.admin.G329_4663_person_enters_through_structure_8.mp4,person_enters_through_structure,talking,,,
2018-03-07.17-20-06.17-25-06.school.G339_8034_person_exits_vehicle_48.mp4,person_exits_vehicle,person_sets_down_object,,,
2018-03-07.17-20-06.17-25-06.school.G339_7547_specialized_talking_phone_96.mp4,specialized_talking_phone,,,,revisit
2018-03-07.17-20-06.17-25-06.school.G339_6703_person_enters_through_structure_37.mp4,person_enters_through_structure,,,,short clip
2018-03-07.17-20-06.17-25-06.school.G339_8701_vehicle_drops_off_person_17.mp4,vehicle_drops_off_person,person_sets_down_object,,,
2018-03-07.17-20-06.17-25-06.school.G339_6352_person_exits_vehicle_48.mp4,person_exits_vehicle,person_exits_vehicle,00:00:00.000,00:00:12.300,
2018-03-07.17-20-06.17-25-06.school.G339_6790_person_exits_vehicle_74.mp4,person_exits_vehicle,,,,short clip
2018-03-07.17-20-06.17-25-06.school.G339_6925_person_exits_through_structure_12.mp4,person_exits_through_structure,person_opens_facility_door-person_exits_through_structure,00:00:00.000,00:00:07.290,
2018-03-07.17-20-06.17-25-06.school.G339_6309_vehicle_drops_off_person_17.mp4,vehicle_drops_off_person,person_exits_vehicle,00:00:00.000,00:00:15.600,
2018-03-07.17-20-06.17-25-06.school.G339_7369_person_exits_through_structure_10.mp4,person_exits_through_structure,person_sets_down_object,,,
2018-03-07.17-20-06.17-25-06.school.G339_8697_person_enters_through_structure_37.mp4,person_enters_through_structure,person_sets_down_object,,,
2018-03-07.17-20-06.17-25-06.school.G339_7260_person_exits_vehicle_74.mp4,person_exits_vehicle,person_opens_vehicle_door,,,
2018-03-07.17-20-06.17-25-06.school.G339_7547_specialized_texting_phone_98.mp4,specialized_texting_phone,,,,revisit
2018-03-07.17-20-06.17-25-06.school.G339_7530_specialized_texting_phone_53.mp4,specialized_texting_phone,,,,revisit
2018-03-07.17-20-06.17-25-06.school.G339_1210_person_exits_through_structure_10.mp4,person_exits_through_structure,person_opens_facility_door-person_exits_through_structure,00:00:00.000,00:00:05.000,
2018-03-07.17-20-06.17-25-06.school.G339_8047_person_exits_through_structure_12.mp4,person_exits_through_structure,person_sets_down_object,,,